/*Adding values to stu_per_data for students who have registred but not yet payed fee*/

INSERT INTO Stu_Per_Data (USN ,Name,Email, Mobile_No, latitude, longitude,password)
VALUES ('01FB15ECS001' ,'ASHA', 'asha@gmail.com', '9008912129', 37.4238253802915, -122.0829009197085, 'asha');

INSERT INTO Stu_Per_Data (USN ,Name,Email, Mobile_No, latitude, longitude,password)
VALUES ('01FB15ECS002' ,'BRAZ', 'braz@gmail.com', '8365100089', 12.971599, 77.594566, 'braz');

INSERT INTO Stu_Per_Data (USN ,Name,Email, Mobile_No, latitude, longitude,password)
VALUES ('01FB15ECS003' ,'CARAWAY', 'caraway@gmail.com', '9000156662', 12.295810, 76.639381, 'caraway');

INSERT INTO Stu_Per_Data (USN ,Name,Email, Mobile_No, latitude, longitude,password)
VALUES ('01FB15ECS004' ,'DRACULA', 'dracula@gmail.com', '6000018888', 17.385044, 78.486671, 'dracula');

INSERT INTO Stu_Per_Data (USN ,Name,Email, Mobile_No, latitude, longitude,password)
VALUES ('01FB15ECS005' ,'EPSILON', 'epsilon@gmail.com', '7893214567', 36.204823, 138.252930, 'epsilon');

INSERT INTO Stu_Per_Data (USN ,Name,Email, Mobile_No, latitude, longitude,password)
VALUES ('01FB15ECS006' ,'FATOOSH', 'fatoosh@gmail.com', '9547619998', 35.861660, 104.195396, 'fatoosh');

INSERT INTO Stu_Per_Data (USN ,Name,Email, Mobile_No, latitude, longitude,password)
VALUES ('01FB15ECS007' ,'GRAY', 'gray@gmail.com', '8796573241', 40.339851,127.510094, 'gray');

INSERT INTO Stu_Per_Data (USN ,Name,Email, Mobile_No, latitude, longitude,password)
VALUES ('01FB15ECS08' ,'HADIPPA', 'hadippa@gmail.com', '7128967554', 35.907757, 127.766922, 'hadippa');

INSERT INTO Stu_Per_Data (USN ,Name,Email, Mobile_No, latitude, longitude,password)
VALUES ('01FB15ECS009' ,'IONA', 'iona@gmail.com', '7463528940', 18.109581, -77.297508, 'iona');

INSERT INTO Stu_Per_Data (USN ,Name,Email, Mobile_No, latitude, longitude,password)
VALUES ('01FB15ECS010' ,'JACK', 'jack@gmail.com', '9034278012', 48.856613, 2.352222, 'jack');









/*inserting students who have paid fee*/
INSERT INTO Stu_Per_Data (USN ,Name,Email, Mobile_No, Status, latitude, longitude,password)
VALUES ('01FB15ECS061' ,'PASHA', 'pasha@gmail.com', '9108912129', true,  12.957587,77.578076, 'pasha');

INSERT INTO Stu_Per_Data (USN ,Name,Email, Mobile_No, Status, latitude, longitude,password)
VALUES ('01FB15ECS062' ,'BROZ', 'broz@gmail.com', '8362100089', true, 12.958591, 77.585282, 'broz');

INSERT INTO Stu_Per_Data (USN ,Name,Email, Mobile_No, Status, latitude, longitude,password)
VALUES ('01FB15ECS063' ,'CORAWAY', 'coraway@gmail.com', '9010156662', true, 12.961602, 77.570526, 'coraway');

INSERT INTO Stu_Per_Data (USN ,Name,Email, Mobile_No, Status, latitude, longitude,password)
VALUES ('01FB15ECS064' ,'DRAMPULA', 'drampula@gmail.com', '6001078888', true, 12.948286, 77.596001, 'drampula');

INSERT INTO Stu_Per_Data (USN ,Name,Email, Mobile_No, Status, latitude, longitude,password)
VALUES ('01FB15ECS065' ,'ELON', 'elon@gmail.com', true, '7893224567', 12.972041,77.539377, 'elon');

INSERT INTO Stu_Per_Data (USN ,Name,Email, Mobile_No, Status, latitude, longitude,password)
VALUES ('01FB15ECS066' ,'FLATOOSH', 'flatoosh@gmail.com', '9541619998', true, 12.947616, 77.540896, 'flatoosh');

INSERT INTO Stu_Per_Data (USN ,Name,Email, Mobile_No, Status, latitude, longitude,password)
VALUES ('01FB15ECS067' ,'GRAPE', 'grape@gmail.com', '8796577241', true, 12.931053, 77.543298, 'grape');

INSERT INTO Stu_Per_Data (USN ,Name,Email, Mobile_No, Status, latitude, longitude,password)
VALUES ('01FB15ECS068' ,'HAPPA', 'happa@gmail.com', '7128167554', true, 12.988433, 77.585680, 'happa');

INSERT INTO Stu_Per_Data (USN ,Name,Email, Mobile_No, Status, latitude, longitude,password)
VALUES ('01FB15ECS069' ,'IPEA', 'ipea@gmail.com', '7463328940', true, 12.987263, 77.603182, 'ipea');

INSERT INTO Stu_Per_Data (USN ,Name,Email, Mobile_No, Status, latitude, longitude,password)
VALUES ('01FB15ECS070' ,'JACKY', 'jacky@gmail.com', '9034278312', true, 12.999640, 77.535920, 'jacky');

INSERT INTO Stu_Per_Data (USN ,Name,Email, Mobile_No, Status, latitude, longitude,password)
VALUES ('01FB15ECS071' ,'KAPTAN', 'kaptan@gmail.com', '7928156832', true, 12.970368, 77.577103, 'kaptan');

INSERT INTO Stu_Per_Data (USN ,Name,Email, Mobile_No, Status, latitude, longitude,password)
VALUES ('01FB15ECS072' ,'LEA', 'lea@gmail.com', '8593385933', true,  12.954643, 77.576417, 'lea');

INSERT INTO Stu_Per_Data (USN ,Name,Email, Mobile_No, Status, latitude, longitude,password)
VALUES ('01FB15ECS073' ,'MUNNA', 'munna@gmail.com', '9485256832', true, 12.953923, 77.579728, 'munna');

INSERT INTO Stu_Per_Data (USN ,Name,Email, Mobile_No, Status, latitude, longitude,password)
VALUES ('01FB15ECS074' ,'NUSRAT', 'nusrat@gmail.com', '8095834213', true, 12.957855, 77.563427, 'nusrat');

INSERT INTO Stu_Per_Data (USN ,Name,Email, Mobile_No, Status, latitude, longitude,password)
VALUES ('01FB15ECS075' ,'OOHA', 'ooha@gmail.com', '9034232467', true,  12.976591, 77.589337, 'ooha');

INSERT INTO Stu_Per_Data (USN ,Name,Email, Mobile_No, Status, latitude, longitude,password)
VALUES ('01FB15ECS076' ,'PARI', 'pari@gmail.com', '8000956664', true,  12.983198, 77.577326, 'pari');

INSERT INTO Stu_Per_Data (USN ,Name,Email, Mobile_No, Status, latitude, longitude,password)
VALUES ('01FB15ECS077' ,'QUERA', 'quera@gmail.com', '8234958684', true, 12.986878, 77.556735, 'quera');

INSERT INTO Stu_Per_Data (USN ,Name,Email, Mobile_No, Status, latitude, longitude,password)
VALUES ('01FB15ECS078' ,'RAM', 'ram@gmail.com', '9084912345', true, 12.986376, 77.550129, 'ram');

INSERT INTO Stu_Per_Data (USN ,Name,Email, Mobile_No, Status, latitude, longitude,password)
VALUES ('01FB15ECS079' ,'SANVI', 'sanvi@gmail.com', '8438757463', true, 12.980772, 77.541891, 'sanvi');

INSERT INTO Stu_Per_Data (USN ,Name,Email, Mobile_No, Status, latitude, longitude,password)
VALUES ('01FB15ECS080' ,'TUNA', 'tuna@gmail.com', '9870246573', true, 13.001765, 77.567628, 'tuna');

INSERT INTO Stu_Per_Data (USN ,Name,Email, Mobile_No, Status, latitude, longitude,password)
VALUES ('01FB15ECS081' ,'UMNA', 'umna@gmail.com', '8583957981', true,  13.005193, 77.559043, 'umna');

INSERT INTO Stu_Per_Data (USN ,Name,Email, Mobile_No, Status, latitude, longitude,password)
VALUES ('01FB15ECS082' ,'VATSALA', 'vatsala@gmail.com', '9787934523', true,  13.006866, 77.549606, 'vatsala');

INSERT INTO Stu_Per_Data (USN ,Name,Email, Mobile_No, Status, latitude, longitude,password)
VALUES ('01FB15ECS083' ,'WALAPI', 'walapi@gmail.com', '8957409291', true, 12.999088, 77.560501, 'walapi');

INSERT INTO Stu_Per_Data (USN ,Name,Email, Mobile_No, Status, latitude, longitude,password)
VALUES ('01FB15ECS084' ,'XANDER', 'xander@gmail.com', '8123456774', true, 12.997081, 77.566764, 'xander');

INSERT INTO Stu_Per_Data (USN ,Name,Email, Mobile_No, Status, latitude, longitude,password)
VALUES ('01FB15ECS085' ,'YALA', 'yala@gmail.com', '7681844221', true, 12.990140, 77.569939, 'yala');

INSERT INTO Stu_Per_Data (USN ,Name,Email, Mobile_No, Status, latitude, longitude,password)
VALUES ('01FB15ECS086' ,'ZUBIN', 'zubin@gmail.com', '8032011164', true,  13.005695, 77.569424, 'zubin');

INSERT INTO Stu_Per_Data (USN ,Name,Email, Mobile_No, Status, latitude, longitude,password)
VALUES ('01FB15ECS087' ,'AASTHA', 'aastha@gmail.com', '8009743298', true, 13.014141, 77.578604, 'aastha');

INSERT INTO Stu_Per_Data (USN ,Name,Email, Mobile_No, Status, latitude, longitude,password)
VALUES ('01FB15ECS088' ,'BROWNIE', 'brownie@gmail.com', '8374288095', true,  13.008120, 77.592161, 'brownie');

INSERT INTO Stu_Per_Data (USN ,Name,Email, Mobile_No, Status, latitude, longitude,password)
VALUES ('01FB15ECS089' ,'CUBBON', 'cubbon@gmail.com', '7989616501', true, 12.995576, 77.586675, 'cubbon');

INSERT INTO Stu_Per_Data (USN ,Name,Email, Mobile_No, Status, latitude, longitude,password)
VALUES ('01FB15ECS090' ,'DIVYA', 'divya@gmail.com', '8884070959', true, 12.989721, 77.570975, 'divya');

INSERT INTO Stu_Per_Data (USN ,Name,Email, Mobile_No, Status, latitude, longitude,password)
VALUES ('01FB15ECS091' ,'ESHITA', 'eshita@gmail.com', '8798213456', true, 12.991478, 77.580326, 'eshita');

INSERT INTO Stu_Per_Data (USN ,Name,Email, Mobile_No, Status, latitude, longitude,password)
VALUES ('01FB15ECS092' ,'FAWAD', 'fawad@gmail.com', '9866013867', true, 12.991227, 77.563254, 'fawad');

INSERT INTO Stu_Per_Data (USN ,Name,Email, Mobile_No, Status, latitude, longitude,password)
VALUES ('01FB15ECS093' ,'GYPSY', 'gypsy@gmail.com', '94408833770', true,  12.969732, 77.545752, 'gypsy');


INSERT INTO Stu_Per_Data (USN ,Name,Email, Mobile_No, Status, latitude, longitude,password)
VALUES ('01FB15ECS094' ,'HARI', 'hari@gmail.com', '9848258245', true,  12.943635, 77.555275, 'hari');

INSERT INTO Stu_Per_Data (USN ,Name,Email, Mobile_No, Status, latitude, longitude,password)
VALUES ('01FB15ECS095' ,'IYAN', 'iyan@gmail.com', '7989096336', true,  12.941292, 77.565999, 'iyan');

INSERT INTO Stu_Per_Data (USN ,Name,Email, Mobile_No, Status, latitude, longitude,password)
VALUES ('01FB15ECS096' ,'JAY', 'jay@gmail.com', '8364578432', true, 12.950661, 77.574235, 'jay');

INSERT INTO Stu_Per_Data (USN ,Name,Email, Mobile_No, Status, latitude, longitude,password)
VALUES ('01FB15ECS097' ,'KAPADIA', 'kapadia@gmail.com', '9494941111', true,  12.942213, 77.573635, 'kapadia');

INSERT INTO Stu_Per_Data (USN ,Name,Email, Mobile_No, Status, latitude, longitude,password)
VALUES ('01FB15ECS098' ,'LALA', 'lala@gmail.com', '7893133737', true,  12.942213, 77.565827, 'lala');

INSERT INTO Stu_Per_Data (USN ,Name,Email, Mobile_No, Status, latitude, longitude,password)
VALUES ('01FB15ECS099' ,'MOHINI', 'mohini@gmail.com', '8598593829', true,  12.945224, 77.553731, 'mohini');

INSERT INTO Stu_Per_Data (USN ,Name,Email, Mobile_No, Status, latitude, longitude,password)
VALUES ('01FB15ECS0100' ,'NAMRATA', 'namrata@gmail.com', '9080211112', true,  12.960197, 77.561538, 'namrata');

INSERT INTO Stu_Per_Data (USN ,Name,Email, Mobile_No, Status, latitude, longitude,password)
VALUES ('01FB15ECS101' ,'OJAS', 'ojas@gmail.com', '7694209174', true,  12.967223, 77.578782, 'ojas');

INSERT INTO Stu_Per_Data (USN ,Name,Email, Mobile_No, Status, latitude, longitude,password)
VALUES ('01FB15ECS102' ,'PRERNA', 'prerna@gmail.com', '6292799332', true,  12.944304, 77.594737, 'prerna');

INSERT INTO Stu_Per_Data (USN ,Name,Email, Mobile_No, Status, latitude, longitude,password)
VALUES ('01FB15ECS103' ,'QUEADA', 'queada@gmail.com', '8364333132', true,  12.941962, 77.576206, 'queada');

INSERT INTO Stu_Per_Data (USN ,Name,Email, Mobile_No, Status, latitude, longitude,password)
VALUES ('01FB15ECS104' ,'RAJA', 'raja@gmail.com', '9123268392', true,  12.938532, 77.580153, 'raja');

INSERT INTO Stu_Per_Data (USN ,Name,Email, Mobile_No, Status, latitude, longitude,password)
VALUES ('01FB15ECS105' ,'SYLA', 'syla@gmail.com', '8090908654', true,  12.935353, 77.587188, 'syla');

INSERT INTO Stu_Per_Data (USN ,Name,Email, Mobile_No, Status, latitude, longitude,password)
VALUES ('01FB15ECS106' ,'TARUN', 'tarun@gmail.com', '8122255567', true,  12.939118, 77.602716, 'tarun');

INSERT INTO Stu_Per_Data (USN ,Name,Email, Mobile_No, Status, latitude, longitude,password)
VALUES ('01FB15ECS107' ,'UTSA', 'utsa@gmail.com', '7865498712', true,  12.925984, 77.581189, 'utsa');


INSERT INTO Stu_Per_Data (USN ,Name,Email, Mobile_No, Status, latitude, longitude,password)
VALUES ('01FB15ECS108' ,'VARUN', 'varun@gmail.com', '8944832135', true,  12.926570, 77.594144, 'varun');


INSERT INTO Stu_Per_Data (USN ,Name,Email, Mobile_No, Status, latitude, longitude,password)
VALUES ('01FB15ECS109' ,'WALLE', 'walle@gmail.com', '9028468574', true,  12.935604, 77.587538, 'walle');

INSERT INTO Stu_Per_Data (USN ,Name,Email, Mobile_No, Status, latitude, longitude,password)
VALUES ('01FB15ECS110' ,'XEYA', 'xeya@gmail.com', '8093922124', true,  12.942213, 77.611817, 'xeya');

INSERT INTO Stu_Per_Data (USN ,Name,Email, Mobile_No, Status, latitude, longitude,password)
VALUES ('01FB15ECS111' ,'YAMPA', 'yampa@gmail.com', '8374288096', true,  12.948570, 77.602813, 'yampa');

INSERT INTO Stu_Per_Data (USN ,Name,Email, Mobile_No, Status, latitude, longitude,password)
VALUES ('01FB15ECS112' ,'ZAKEER', 'zakeer@gmail.com', '7865878712', true,  12.951330, 77.613795, 'zakeer');

INSERT INTO Stu_Per_Data (USN ,Name,Email, Mobile_No, Status, latitude, longitude,password)
VALUES ('01FB15ECS113' ,'ATHIRA', 'athira@gmail.com', '7865254276', true,  12.964463, 77.614569, 'athira');

INSERT INTO Stu_Per_Data (USN ,Name,Email, Mobile_No, Status, latitude, longitude,password)
VALUES ('01FB15ECS114' ,'BHOOMIKA', 'bhoomika@gmail.com', '9449356644', true,  12.957938, 77.601443, 'bhoomika');

INSERT INTO Stu_Per_Data (USN ,Name,Email, Mobile_No, Status, latitude, longitude,password)
VALUES ('01FB15ECS115' ,'CHETNA', 'chetna@gmail.com', '8884746830', true,  12.972743, 77.617658, 'chetna');

INSERT INTO Stu_Per_Data (USN ,Name,Email, Mobile_No, Status, latitude, longitude,password)
VALUES ('01FB15ECS116' ,'DEEPIKA', 'deepika@gmail.com', '8927173721', true,  12.980271, 77.608049, 'deepika');

INSERT INTO Stu_Per_Data (USN ,Name,Email, Mobile_No, Status, latitude, longitude,password)
VALUES ('01FB15ECS117' ,'EMANTI', 'emanti@gmail.com', '9328673829', true, 12.972325, 77.617831, 'emanti');

INSERT INTO Stu_Per_Data (USN ,Name,Email, Mobile_No, Status, latitude, longitude,password)
VALUES ('01FB15ECS118' ,'FARIDA', 'farida@gmail.com', '7382955446', true,  12.971990, 77.608050, 'farida');

INSERT INTO Stu_Per_Data (USN ,Name,Email, Mobile_No, Status, latitude, longitude,password)
VALUES ('01FB15ECS119' ,'GREGORY', 'gregory@gmail.com', '9825538276', true, 13.036201, 77.529615, 'gregory');

INSERT INTO Stu_Per_Data (USN ,Name,Email, Mobile_No, Status, latitude, longitude,password)
VALUES ('01FB15ECS120' ,'HARSH', 'harsh@gmail.com', '9814325676', true,  13.034194, 77.626061, 'harsh');

INSERT INTO Stu_Per_Data (USN ,Name,Email, Mobile_No, Status, latitude, longitude,password)
VALUES ('01FB15ECS121' ,'IMTIAZ', 'imtiaz@gmail.com', '7899088276', true,  12.966286, 77.554338, 'imtiaz');

INSERT INTO Stu_Per_Data (USN ,Name,Email, Mobile_No, Status, latitude, longitude,password)
VALUES ('01FB15ECS122' ,'JAQUELINE', 'jacqueline@gmail.com', '9372829276', true,  12.992381, 77.608216, 'jacqueline');


INSERT INTO Stu_Per_Data (USN ,Name,Email, Mobile_No, Status, latitude, longitude,password)
VALUES ('01FB15ECS123' ,'KASHYAP', 'kashyap@gmail.com', '7875121276', true,  12.983683, 77.595175, 'kashyap');


INSERT INTO Stu_Per_Data (USN ,Name,Email, Mobile_No, Status, latitude, longitude,password)
VALUES ('01FB15ECS124' ,'LEENA', 'leena@gmail.com', '9547134590', true, 13.028508, 77.619197, 'leena');


INSERT INTO Stu_Per_Data (USN ,Name,Email, Mobile_No, Status, latitude, longitude,password)
VALUES ('01FB15ECS125' ,'MOZILLA', 'mozilla@gmail.com', '9747472313', true,  12.909403, 77.584194, 'mozilla');

INSERT INTO Stu_Per_Data (USN ,Name,Email, Mobile_No, Status, latitude, longitude,password)
VALUES ('01FB15ECS126' ,'Dobby', 'Dobby@gmail.com', '8093922124', true,  12.925566, 77.569342, 'Dobby');

INSERT INTO Stu_Per_Data (USN ,Name,Email, Mobile_No, Status, latitude, longitude,password)
VALUES ('01FB15ECS127' ,'Tonks', 'Tonks@gmail.com', '8374288096', true, 12.928745, 77.582554 , 'Tonks');

INSERT INTO Stu_Per_Data (USN ,Name,Email, Mobile_No, Status, latitude, longitude,password)
VALUES ('01FB15ECS128' ,'Hagrid', 'Hagrid@gmail.com', '7865878712', true, 12.933178, 77.550039 , 'Hagrid');

INSERT INTO Stu_Per_Data (USN ,Name,Email, Mobile_No, Status, latitude, longitude,password)
VALUES ('01FB15ECS129' ,'Molly', 'Molly@gmail.com', '7865254276', true, 12.920965, 77.549867 , 'Molly');

INSERT INTO Stu_Per_Data (USN ,Name,Email, Mobile_No, Status, latitude, longitude,password)
VALUES ('01FB15ECS130' ,'Voldermort', 'Voldermort@gmail.com', '9449356644', true, 12.909972, 77.639721 , 'Voldermort');

INSERT INTO Stu_Per_Data (USN ,Name,Email, Mobile_No, Status, latitude, longitude,password)
VALUES ('01FB15ECS131' ,'Snape', 'Snape@gmail.com', '8884746830', true,12.908800, 77.587747  , 'Snape');

INSERT INTO Stu_Per_Data (USN ,Name,Email, Mobile_No, Status, latitude, longitude,password)
VALUES ('01FB15ECS132' ,'Bill', 'Bill@gmail.com', '8927173721', true, 12.906793, 77.563039 , 'Bill');

INSERT INTO Stu_Per_Data (USN ,Name,Email, Mobile_No, Status, latitude, longitude,password)
VALUES ('01FB15ECS133' ,'Mcgonegal', 'Mcgonegal@gmail.com', '9328673829', true,12.909637, 77.605249 , 'Mcgonegal');

INSERT INTO Stu_Per_Data (USN ,Name,Email, Mobile_No, Status, latitude, longitude,password)
VALUES ('01FB15ECS134' ,'Albus', 'Albus@gmail.com', '7382955446', true, 13.017035, 77.548137, 'Albus');

INSERT INTO Stu_Per_Data (USN ,Name,Email, Mobile_No, Status, latitude, longitude,password)
VALUES ('01FB15ECS135' ,'Nevil', 'Nevil@gmail.com', '9825538276', true,13.023725, 77.559119 , 'Nevil');

INSERT INTO Stu_Per_Data (USN ,Name,Email, Mobile_No, Status, latitude, longitude,password)
VALUES ('01FB15ECS136' ,'Ginniy', 'Ginniy@gmail.com', '9814325676', true, 13.011181, 77.580567 , 'Ginniy');

INSERT INTO Stu_Per_Data (USN ,Name,Email, Mobile_No, Status, latitude, longitude,password)
VALUES ('01FB15ECS137' ,'Fred', 'Fred@gmail.com', '7899088276', true,13.011348, 77.568728 , 'Fred');

INSERT INTO Stu_Per_Data (USN ,Name,Email, Mobile_No, Status, latitude, longitude,password)
VALUES ('01FB15ECS138' ,'Gorge', 'Gorge@gmail.com', '9372829276', true, 13.009509, 77.584514 , 'Gorge');


INSERT INTO Stu_Per_Data (USN ,Name,Email, Mobile_No, Status, latitude, longitude,password)
VALUES ('01FB15ECS139' ,'Hermonie', 'Hermonie@gmail.com', '8093922124', true, 13.021551, 77.594122 , 'Hermonie');

INSERT INTO Stu_Per_Data (USN ,Name,Email, Mobile_No, Status, latitude, longitude,password)
VALUES ('01FB15ECS140' ,'Ron', 'Ron@gmail.com', '8374288096', true, 13.017369, 77.605790 , 'Ron');

INSERT INTO Stu_Per_Data (USN ,Name,Email, Mobile_No, Status, latitude, longitude,password)
VALUES ('01FB15ECS141' ,'Harry', 'Harry@gmail.com', '7865878712', true, 13.024561, 77.615056 , 'Harry');

INSERT INTO Stu_Per_Data (USN ,Name,Email, Mobile_No, Status, latitude, longitude,password)
VALUES ('01FB15ECS142' ,'Sushmitha', 'Sushmitha@gmail.com', '7865254276', true, 13.024728, 77.626898 , 'Sushmitha');

INSERT INTO Stu_Per_Data (USN ,Name,Email, Mobile_No, Status, latitude, longitude,password)
VALUES ('01FB15ECS143' ,'Karan', 'Karan@gmail.com', '9449356644', true,13.026401, 77.657955 , 'Karan');

INSERT INTO Stu_Per_Data (USN ,Name,Email, Mobile_No, Status, latitude, longitude,password)
VALUES ('01FB15ECS144' ,'Harshith', 'Harshith@gmail.com', '8884746830', true, 13.015864, 77.631359 , 'Harshith');

INSERT INTO Stu_Per_Data (USN ,Name,Email, Mobile_No, Status, latitude, longitude,password)
VALUES ('01FB15ECS145' ,'Megna', 'Megna@gmail.com', '8927173721', true, 13.019209, 77.652259 , 'Megna');

INSERT INTO Stu_Per_Data (USN ,Name,Email, Mobile_No, Status, latitude, longitude,password)
VALUES ('01FB15ECS146' ,'Kush', 'Kush@gmail.com', '9328673829', true, 12.999306, 77.625320, 'Kush');

INSERT INTO Stu_Per_Data (USN ,Name,Email, Mobile_No, Status, latitude, longitude,password)
VALUES ('01FB15ECS147' ,'luv', 'luv@gmail.com', '7382955446', true,12.989270, 77.643680  , 'luv');

INSERT INTO Stu_Per_Data (USN ,Name,Email, Mobile_No, Status, latitude, longitude,password)
VALUES ('01FB15ECS148' ,'Tivar', 'Tivar@gmail.com', '9825538276', true, 12.985088, 77.663412, 'Tivar');

INSERT INTO Stu_Per_Data (USN ,Name,Email, Mobile_No, Status, latitude, longitude,password)
VALUES ('01FB15ECS149' ,'Hampi', 'Hampi@gmail.com', '9814325676', true, 12.917836, 77.589455 , 'Hampi');

INSERT INTO Stu_Per_Data (USN ,Name,Email, Mobile_No, Status, latitude, longitude,password)
VALUES ('01FB15ECS150' ,'Manpreet', 'Manpreet@gmail.com', '7899088276', true,  12.908131, 77.566120, 'Manpreet');

INSERT INTO Stu_Per_Data (USN ,Name,Email, Mobile_No, Status, latitude, longitude,password)
VALUES ('01FB15ECS151' ,'Kavya', 'Kavya@gmail.com', '9372829276', true,12.909972, 77.589284 , 'Kavya');


INSERT INTO Stu_Per_Data (USN ,Name,Email, Mobile_No, Status, latitude, longitude,password)
VALUES ('01FB15ECS152' ,'Preet', 'Preet@gmail.com', '7875121276', true, 12.882697, 77.575214, 'Preet');


INSERT INTO Stu_Per_Data (USN ,Name,Email, Mobile_No, Status, latitude, longitude,password)
VALUES ('01FB15ECS153' ,'Sushma', 'Sushma@gmail.com', '9547134590', true,12.916497, 77.540235 , 'Sushma');


INSERT INTO Stu_Per_Data (USN ,Name,Email, Mobile_No, Status, latitude, longitude,password)
VALUES ('01FB15ECS154' ,'Swetha', 'Swetha@gmail.com', '9747472313', true,12.921517, 77.568890 , 'Swetha');



INSERT INTO Stu_Per_Data (USN ,Name,Email, Mobile_No, Status, latitude, longitude,password)
VALUES ('01FB15ECS155' ,'Kartik', 'Kartik@gmail.com', '7875121276', true, 12.911478, 77.594456 , 'Kartik');


INSERT INTO Stu_Per_Data (USN ,Name,Email, Mobile_No, Status, latitude, longitude,password)
VALUES ('01FB15ECS156' ,'Leela', 'Leela@gmail.com', '9547134590', true, 12.899096, 77.573351, 'Leela');


INSERT INTO Stu_Per_Data (USN ,Name,Email, Mobile_No, Status, latitude, longitude,password)
VALUES ('01FB15ECS157' ,'Tanamyi', 'Tanamyi@gmail.com', '9747472313', true, 2.906123, 77.560825 , 'Tanamyi');



INSERT INTO Stu_Per_Data (USN ,Name,Email, Mobile_No, Status, latitude, longitude,password)
VALUES ('01FB15ECS158' ,'TAmasha', 'TAmasha@gmail.com', '8093922124', true, 12.920513, 77.584675 , 'TAmasha');

INSERT INTO Stu_Per_Data (USN ,Name,Email, Mobile_No, Status, latitude, longitude,password)
VALUES ('01FB15ECS159' ,'Vipul', 'Vipul@gmail.com', '8374288096', true, 12.914657, 77.598917 , 'Vipul');

INSERT INTO Stu_Per_Data (USN ,Name,Email, Mobile_No, Status, latitude, longitude,password)
VALUES ('01FB15ECS160' ,'Zaara', 'Zaara@gmail.com', '7865878712', true, 12.910641, 77.604065 , 'Zaara');

INSERT INTO Stu_Per_Data (USN ,Name,Email, Mobile_No, Status, latitude, longitude,password)
VALUES ('01FB15ECS161' ,'Shreya', 'Shreya@gmail.com', '7865254276', true,12.901103, 77.621052  , 'Shreya');

INSERT INTO Stu_Per_Data (USN ,Name,Email, Mobile_No, Status, latitude, longitude,password)
VALUES ('01FB15ECS162' ,'Buvana', 'Buvana@gmail.com', '9449356644', true,  12.897088, 77.608869, 'Buvana');

INSERT INTO Stu_Per_Data (USN ,Name,Email, Mobile_No, Status, latitude, longitude,password)
VALUES ('01FB15ECS163' ,'Chaanna', 'Chaanna@gmail.com', '8884746830', true, 12.896753, 77.618649) , 'Chaanna');

INSERT INTO Stu_Per_Data (USN ,Name,Email, Mobile_No, Status, latitude, longitude,password)
VALUES ('01FB15ECS164' ,'deepa', 'deepa@gmail.com', '8927173721', true, 12.908633, 77.638897 , 'deepa');

INSERT INTO Stu_Per_Data (USN ,Name,Email, Mobile_No, Status, latitude, longitude,password)
VALUES ('01FB15ECS165' ,'ektha', 'ektha@gmail.com', '9328673829', true, 12.925867, 77.622939, 'ektha');

INSERT INTO Stu_Per_Data (USN ,Name,Email, Mobile_No, Status, latitude, longitude,password)
VALUES ('01FB15ECS166' ,'fafaA', 'fafaA@gmail.com', '7382955446', true, 12.939921, 77.612472, 'fafaA');

INSERT INTO Stu_Per_Data (USN ,Name,Email, Mobile_No, Status, latitude, longitude,password)
VALUES ('01FB15ECS167' ,'Guru', 'Guru@gmail.com', '9825538276', true,12.914824, 77.646103) , 'Guru');

INSERT INTO Stu_Per_Data (USN ,Name,Email, Mobile_No, Status, latitude, longitude,password)
VALUES ('01FB15ECS168' ,'Harpreet', 'Harpreet@gmail.com', '9814325676', true,12.922855, 77.677304 , 'Harpreet');

INSERT INTO Stu_Per_Data (USN ,Name,Email, Mobile_No, Status, latitude, longitude,password)
VALUES ('01FB15ECS169' ,'Lavanya', 'Lavanya@gmail.com', '7899088276', true, 12.915326, 77.655684 , 'Lavanya');

INSERT INTO Stu_Per_Data (USN ,Name,Email, Mobile_No, Status, latitude, longitude,password)
VALUES ('01FB15ECS170' ,'Raj', 'Raj@gmail.com', '9372829276', true, 13.012854, 77.577269 , 'Raj');


INSERT INTO Stu_Per_Data (USN ,Name,Email, Mobile_No, Status, latitude, longitude,password)
VALUES ('01FB15ECS171' ,'Anirudh', 'Anirudh@gmail.com', '7875121276', true,  13.021718, 77.563543, 'Anirudh');


INSERT INTO Stu_Per_Data (USN ,Name,Email, Mobile_No, Status, latitude, longitude,password)
VALUES ('01FB15ECS172' ,'Pallavi', 'Pallavi@gmail.com', '9547134590', true,13.026234, 77.599919 , 'Pallavi');


INSERT INTO Stu_Per_Data (USN ,Name,Email, Mobile_No, Status, latitude, longitude,password)
VALUES ('01FB15ECS173' ,'Ptachi', 'Ptachi@gmail.com', '9747472313', true, 13.020213, 77.569548 , 'Ptachi');

INSERT INTO Stu_Per_Data (USN ,Name,Email, Mobile_No, Status, latitude, longitude,password)
VALUES ('01FB15ECS174' ,'Anikeet', 'Anikeet@gmail.com', '8093922124', true,13.003989, 77.603179  , 'Anikeet');

INSERT INTO Stu_Per_Data (USN ,Name,Email, Mobile_No, Status, latitude, longitude,password)
VALUES ('01FB15ECS175' ,'Arjun', 'Arjun@gmail.com', '8374288096', true, 13.000644, 77.566803 , 'Arjun');

INSERT INTO Stu_Per_Data (USN ,Name,Email, Mobile_No, Status, latitude, longitude,password)
VALUES ('01FB15ECS176' ,'Samira', 'Samira@gmail.com', '7865878712', true, 13.011181, 77.540379 , 'Samira');

INSERT INTO Stu_Per_Data (USN ,Name,Email, Mobile_No, Status, latitude, longitude,password)
VALUES ('01FB15ECS177' ,'Appi', 'Appi@gmail.com', '7865254276', true, 13.005662, 77.556165, 'Appi');

INSERT INTO Stu_Per_Data (USN ,Name,Email, Mobile_No, Status, latitude, longitude,password)
VALUES ('01FB15ECS178' ,'Rahul', 'Rahul@gmail.com', '9449356644', true,  12.986928, 77.585335, 'Rahul');

INSERT INTO Stu_Per_Data (USN ,Name,Email, Mobile_No, Status, latitude, longitude,password)
VALUES ('01FB15ECS179' ,'Abishek', 'Abishek@gmail.com', '8884746830', true, 12.970033, 77.609529, 'Abishek');

INSERT INTO Stu_Per_Data (USN ,Name,Email, Mobile_No, Status, latitude, longitude,password)
VALUES ('01FB15ECS180' ,'Apporva', 'Apporva@gmail.com', '8927173721', true, 12.971706, 77.551705, 'Apporva');

INSERT INTO Stu_Per_Data (USN ,Name,Email, Mobile_No, Status, latitude, longitude,password)
VALUES ('01FB15ECS181' ,'Abdul', 'Abdul@gmail.com', '9328673829', true,12.961502, 77.589625 , 'Abdul');

INSERT INTO Stu_Per_Data (USN ,Name,Email, Mobile_No, Status, latitude, longitude,password)
VALUES ('01FB15ECS182' ,'Zoya', 'Zoya@gmail.com', '7382955446', true,12.955312, 77.617422 , 'Zoya');

INSERT INTO Stu_Per_Data (USN ,Name,Email, Mobile_No, Status, latitude, longitude,password)
VALUES ('01FB15ECS183' ,'Kamalesh', 'Kamalesh@gmail.com', '9825538276', true, 12.941761, 77.537292 , 'Kamalesh');

INSERT INTO Stu_Per_Data (USN ,Name,Email, Mobile_No, Status, latitude, longitude,password)
VALUES ('01FB15ECS184' ,'Roopesh', 'Roopesh@gmail.com', '9814325676', true, 12.939753, 77.554279 , 'Roopesh');

INSERT INTO Stu_Per_Data (USN ,Name,Email, Mobile_No, Status, latitude, longitude,password)
VALUES ('01FB15ECS185' ,'Nair', 'Nair@gmail.com', '7899088276', true, 12.913820, 77.539013 , 'Nair');

INSERT INTO Stu_Per_Data (USN ,Name,Email, Mobile_No, Status, latitude, longitude,password)
VALUES ('01FB15ECS186' ,'Hammesh', 'Hammesh@gmail.com', '9372829276', true, 12.913987, 77.548798 , 'Hammesh');


INSERT INTO Stu_Per_Data (USN ,Name,Email, Mobile_No, Status, latitude, longitude,password)
VALUES ('01FB15ECS187' ,'Chaand', 'Chaand@gmail.com', '7875121276', true, 12.910139, 77.559093, 'Chaand');


INSERT INTO Stu_Per_Data (USN ,Name,Email, Mobile_No, Status, latitude, longitude,password)
VALUES ('01FB15ECS188' ,'MARIA', 'maria@gmail.com', '9547134590', true,12.923692, 77.593238 , 'maria');


INSERT INTO Stu_Per_Data (USN ,Name,Email, Mobile_No, Status, latitude, longitude,password)
VALUES ('01FB15ECS189' ,'FIRE', 'fire@gmail.com', '9747443313', true,  12.920011, 77.624124, 'fire');






























/*Inserting values to table USN_UID*/

INSERT INTO USN_UID (USN ) VALUES ('01FB15ECS061');
INSERT INTO USN_UID (USN ) VALUES ('01FB15ECS062');
INSERT INTO USN_UID (USN ) VALUES ('01FB15ECS063');
INSERT INTO USN_UID (USN ) VALUES ('01FB15ECS064');
INSERT INTO USN_UID (USN ) VALUES ('01FB15ECS065');
INSERT INTO USN_UID (USN ) VALUES ('01FB15ECS066');
INSERT INTO USN_UID (USN ) VALUES ('01FB15ECS067');
INSERT INTO USN_UID (USN ) VALUES ('01FB15ECS068');
INSERT INTO USN_UID (USN ) VALUES ('01FB15ECS069');
INSERT INTO USN_UID (USN ) VALUES ('01FB15ECS070');
INSERT INTO USN_UID (USN ) VALUES ('01FB15ECS071');
INSERT INTO USN_UID (USN ) VALUES ('01FB15ECS072');
INSERT INTO USN_UID (USN ) VALUES ('01FB15ECS073');
INSERT INTO USN_UID (USN ) VALUES ('01FB15ECS074');
INSERT INTO USN_UID (USN ) VALUES ('01FB15ECS075');
INSERT INTO USN_UID (USN ) VALUES ('01FB15ECS076');
INSERT INTO USN_UID (USN ) VALUES ('01FB15ECS077');
INSERT INTO USN_UID (USN ) VALUES ('01FB15ECS078');
INSERT INTO USN_UID (USN ) VALUES ('01FB15ECS079');
INSERT INTO USN_UID (USN ) VALUES ('01FB15ECS080');
INSERT INTO USN_UID (USN ) VALUES ('01FB15ECS081');
INSERT INTO USN_UID (USN ) VALUES ('01FB15ECS082');
INSERT INTO USN_UID (USN ) VALUES ('01FB15ECS083');
INSERT INTO USN_UID (USN ) VALUES ('01FB15ECS084');
INSERT INTO USN_UID (USN ) VALUES ('01FB15ECS085');
INSERT INTO USN_UID (USN ) VALUES ('01FB15ECS086');
INSERT INTO USN_UID (USN ) VALUES ('01FB15ECS087');
INSERT INTO USN_UID (USN ) VALUES ('01FB15ECS088');
INSERT INTO USN_UID (USN ) VALUES ('01FB15ECS089');
INSERT INTO USN_UID (USN ) VALUES ('01FB15ECS090');
INSERT INTO USN_UID (USN ) VALUES ('01FB15ECS091');
INSERT INTO USN_UID (USN ) VALUES ('01FB15ECS092');
INSERT INTO USN_UID (USN ) VALUES ('01FB15ECS093');
INSERT INTO USN_UID (USN ) VALUES ('01FB15ECS094');
INSERT INTO USN_UID (USN ) VALUES ('01FB15ECS095');
INSERT INTO USN_UID (USN ) VALUES ('01FB15ECS096');
INSERT INTO USN_UID (USN ) VALUES ('01FB15ECS097');
INSERT INTO USN_UID (USN ) VALUES ('01FB15ECS098');
INSERT INTO USN_UID (USN ) VALUES ('01FB15ECS099');
INSERT INTO USN_UID (USN ) VALUES ('01FB15ECS100');
INSERT INTO USN_UID (USN ) VALUES ('01FB15ECS101');
INSERT INTO USN_UID (USN ) VALUES ('01FB15ECS102');
INSERT INTO USN_UID (USN ) VALUES ('01FB15ECS103');
INSERT INTO USN_UID (USN ) VALUES ('01FB15ECS104');
INSERT INTO USN_UID (USN ) VALUES ('01FB15ECS105');
INSERT INTO USN_UID (USN ) VALUES ('01FB15ECS106');
INSERT INTO USN_UID (USN ) VALUES ('01FB15ECS107');
INSERT INTO USN_UID (USN ) VALUES ('01FB15ECS108');
INSERT INTO USN_UID (USN ) VALUES ('01FB15ECS109');
INSERT INTO USN_UID (USN ) VALUES ('01FB15ECS110');
INSERT INTO USN_UID (USN ) VALUES ('01FB15ECS111');
INSERT INTO USN_UID (USN ) VALUES ('01FB15ECS112');
INSERT INTO USN_UID (USN ) VALUES ('01FB15ECS113');
INSERT INTO USN_UID (USN ) VALUES ('01FB15ECS114');
INSERT INTO USN_UID (USN ) VALUES ('01FB15ECS115');
INSERT INTO USN_UID (USN ) VALUES ('01FB15ECS116');
INSERT INTO USN_UID (USN ) VALUES ('01FB15ECS117');
INSERT INTO USN_UID (USN ) VALUES ('01FB15ECS118');
INSERT INTO USN_UID (USN ) VALUES ('01FB15ECS119');
INSERT INTO USN_UID (USN ) VALUES ('01FB15ECS120');
INSERT INTO USN_UID (USN ) VALUES ('01FB15ECS121');
INSERT INTO USN_UID (USN ) VALUES ('01FB15ECS122');
INSERT INTO USN_UID (USN ) VALUES ('01FB15ECS123');
INSERT INTO USN_UID (USN ) VALUES ('01FB15ECS124');
INSERT INTO USN_UID (USN ) VALUES ('01FB15ECS125');
INSERT INTO USN_UID (USN ) VALUES ('01FB15ECS126');
INSERT INTO USN_UID (USN ) VALUES ('01FB15ECS127');
INSERT INTO USN_UID (USN ) VALUES ('01FB15ECS128');
INSERT INTO USN_UID (USN ) VALUES ('01FB15ECS129');
INSERT INTO USN_UID (USN ) VALUES ('01FB15ECS130');
INSERT INTO USN_UID (USN ) VALUES ('01FB15ECS131');
INSERT INTO USN_UID (USN ) VALUES ('01FB15ECS132');
INSERT INTO USN_UID (USN ) VALUES ('01FB15ECS133');
INSERT INTO USN_UID (USN ) VALUES ('01FB15ECS134');
INSERT INTO USN_UID (USN ) VALUES ('01FB15ECS135');
INSERT INTO USN_UID (USN ) VALUES ('01FB15ECS136');
INSERT INTO USN_UID (USN ) VALUES ('01FB15ECS137');
INSERT INTO USN_UID (USN ) VALUES ('01FB15ECS138');
INSERT INTO USN_UID (USN ) VALUES ('01FB15ECS139');
INSERT INTO USN_UID (USN ) VALUES ('01FB15ECS140');
INSERT INTO USN_UID (USN ) VALUES ('01FB15ECS141');
INSERT INTO USN_UID (USN ) VALUES ('01FB15ECS142');
INSERT INTO USN_UID (USN ) VALUES ('01FB15ECS143');
INSERT INTO USN_UID (USN ) VALUES ('01FB15ECS144');
INSERT INTO USN_UID (USN ) VALUES ('01FB15ECS145');
INSERT INTO USN_UID (USN ) VALUES ('01FB15ECS146');
INSERT INTO USN_UID (USN ) VALUES ('01FB15ECS147');
INSERT INTO USN_UID (USN ) VALUES ('01FB15ECS148');
INSERT INTO USN_UID (USN ) VALUES ('01FB15ECS149');
INSERT INTO USN_UID (USN ) VALUES ('01FB15ECS150');
INSERT INTO USN_UID (USN ) VALUES ('01FB15ECS151');
INSERT INTO USN_UID (USN ) VALUES ('01FB15ECS152');
INSERT INTO USN_UID (USN ) VALUES ('01FB15ECS153');
INSERT INTO USN_UID (USN ) VALUES ('01FB15ECS154');
INSERT INTO USN_UID (USN ) VALUES ('01FB15ECS155');
INSERT INTO USN_UID (USN ) VALUES ('01FB15ECS156');
INSERT INTO USN_UID (USN ) VALUES ('01FB15ECS157');
INSERT INTO USN_UID (USN ) VALUES ('01FB15ECS158');
INSERT INTO USN_UID (USN ) VALUES ('01FB15ECS159');
INSERT INTO USN_UID (USN ) VALUES ('01FB15ECS160');
INSERT INTO USN_UID (USN ) VALUES ('01FB15ECS161');
INSERT INTO USN_UID (USN ) VALUES ('01FB15ECS162');
INSERT INTO USN_UID (USN ) VALUES ('01FB15ECS163');
INSERT INTO USN_UID (USN ) VALUES ('01FB15ECS164');
INSERT INTO USN_UID (USN ) VALUES ('01FB15ECS165');
INSERT INTO USN_UID (USN ) VALUES ('01FB15ECS166');
INSERT INTO USN_UID (USN ) VALUES ('01FB15ECS167');
INSERT INTO USN_UID (USN ) VALUES ('01FB15ECS168');
INSERT INTO USN_UID (USN ) VALUES ('01FB15ECS169');
INSERT INTO USN_UID (USN ) VALUES ('01FB15ECS170');
INSERT INTO USN_UID (USN ) VALUES ('01FB15ECS171');
INSERT INTO USN_UID (USN ) VALUES ('01FB15ECS172');
INSERT INTO USN_UID (USN ) VALUES ('01FB15ECS173');
INSERT INTO USN_UID (USN ) VALUES ('01FB15ECS174');
INSERT INTO USN_UID (USN ) VALUES ('01FB15ECS175');
INSERT INTO USN_UID (USN ) VALUES ('01FB15ECS176');
INSERT INTO USN_UID (USN ) VALUES ('01FB15ECS177');
INSERT INTO USN_UID (USN ) VALUES ('01FB15ECS178');
INSERT INTO USN_UID (USN ) VALUES ('01FB15ECS179');
INSERT INTO USN_UID (USN ) VALUES ('01FB15ECS180');
INSERT INTO USN_UID (USN ) VALUES ('01FB15ECS181');
INSERT INTO USN_UID (USN ) VALUES ('01FB15ECS182');
INSERT INTO USN_UID (USN ) VALUES ('01FB15ECS183');
INSERT INTO USN_UID (USN ) VALUES ('01FB15ECS184');
INSERT INTO USN_UID (USN ) VALUES ('01FB15ECS185');
INSERT INTO USN_UID (USN ) VALUES ('01FB15ECS186');
INSERT INTO USN_UID (USN ) VALUES ('01FB15ECS187');
INSERT INTO USN_UID (USN ) VALUES ('01FB15ECS188');
INSERT INTO USN_UID (USN ) VALUES ('01FB15ECS189');









/*Inserting all driver details*/

INSERT INTO Driver (Driver_id , Driver_name , Mobile_No, password)
VALUES (1, 'RAM','9007812452', 'RAM');

INSERT INTO Driver (Driver_id , Driver_name , Mobile_No, password)
VALUES (2, 'shaym','9007812452', 'shaym');

INSERT INTO Driver (Driver_id , Driver_name , Mobile_No, password)
VALUES (3, 'ashok','9007812452', 'ashok');

INSERT INTO Driver (Driver_id , Driver_name , Mobile_No, password)
VALUES (4, 'ramesh','9007812452', 'ramesh');

INSERT INTO Driver (Driver_id , Driver_name , Mobile_No, password)
VALUES (5, 'Krishna','9007812452', 'Krishna');

INSERT INTO Driver (Driver_id , Driver_name , Mobile_No, password)
VALUES (6, 'Vinay','9007812452', 'Vinay');

INSERT INTO Driver (Driver_id , Driver_name , Mobile_No, password)
VALUES (7, 'Vipul','9007812452', 'Vipul');

INSERT INTO Driver (Driver_id , Driver_name , Mobile_No, password)
VALUES (8, 'Manish','9007812452', 'Manish');

INSERT INTO Driver (Driver_id , Driver_name , Mobile_No, password)
VALUES (9, 'mahesha','9007812452', 'mahesha');

INSERT INTO Driver (Driver_id , Driver_name , Mobile_No, password)
VALUES (10, 'rangappa','9007812452', 'rangappa');






 /*Inserting the bus details*/
INSERT INTO Bus( Bus_no , Capacity ) VALUES ('KA190996', 50);
INSERT INTO Bus( Bus_no , Capacity ) VALUES ('KA190978', 50);
INSERT INTO Bus( Bus_no , Capacity ) VALUES ('KA780096', 60);
INSERT INTO Bus( Bus_no , Capacity ) VALUES ('KA090996', 55);
INSERT INTO Bus( Bus_no , Capacity ) VALUES ('KA010926', 50);
INSERT INTO Bus( Bus_no , Capacity ) VALUES ('KA070936', 40);
INSERT INTO Bus( Bus_no , Capacity ) VALUES ('KA060926', 45);
INSERT INTO Bus( Bus_no , Capacity ) VALUES ('KA902196', 55);
INSERT INTO Bus( Bus_no , Capacity ) VALUES ('KA900991', 50);
INSERT INTO Bus( Bus_no , Capacity ) VALUES ('KA190213', 50);




